,dvol,dvol_lag1,dvol_lag7,dvol_lag30,transaction_volume_usd,active_addresses,nvrv,dvol_rv_spread
dvol,1.0,0.9819345471143038,0.9095938438543527,0.7961959599186602,0.36450144120033934,-0.307486968817126,0.005106832889961248,-0.08702760648767066
dvol_lag1,0.9819345471143038,1.0,0.9214778484894908,0.7991600030302953,0.35476463224395,-0.30707168532991863,0.0062667306835422374,-0.06518843682941831
dvol_lag7,0.9095938438543527,0.9214778484894908,1.0,0.8005452645103266,0.3238939529104575,-0.3055229298224527,-0.0017583979363610983,0.017217506210084943
dvol_lag30,0.7961959599186602,0.7991600030302953,0.8005452645103266,1.0,0.3510241796991449,-0.31140702437876394,-0.04395011252102098,0.005481328956001672
transaction_volume_usd,0.36450144120033934,0.35476463224395,0.3238939529104575,0.3510241796991449,1.0,-0.0783031195369548,0.22425937015642403,-0.09924934991436425
active_addresses,-0.307486968817126,-0.30707168532991863,-0.3055229298224527,-0.31140702437876394,-0.0783031195369548,1.0,0.1654959973416177,0.006605817349180657
nvrv,0.005106832889961248,0.0062667306835422374,-0.0017583979363610983,-0.04395011252102098,0.22425937015642403,0.1654959973416177,1.0,-0.06023067462516055
dvol_rv_spread,-0.08702760648767066,-0.06518843682941831,0.017217506210084943,0.005481328956001672,-0.09924934991436425,0.006605817349180657,-0.06023067462516055,1.0
