Predictor,Linear_R2,Linear_Coef,Linear_PValue,RESET_F_Stat,RESET_P_Value,Linearity,Recommendation
dvol_lag1,0.9641954548165556,0.981455566352165,0.0,593.8345598795978,1.1102230246251565e-16,Non-Linear,Consider transformation/polynomial
transaction_volume_usd,0.13286130063712676,1.788274108460822e-09,0.0,1157.0297688678754,1.1102230246251565e-16,Non-Linear,Consider transformation/polynomial
active_addresses,0.09454823599234297,-0.0005971264671912594,0.0,378.25396256749076,1.1102230246251565e-16,Non-Linear,Consider transformation/polynomial
nvrv,2.6079742166174036e-05,0.18208113007396498,0.31996878292423614,1200.103836491634,1.1102230246251565e-16,Non-Linear,Consider transformation/polynomial
dvol_rv_spread,0.007573804290973429,-0.04232093144010061,1.1516267020374048e-64,140.69992700078512,1.1102230246251565e-16,Non-Linear,Consider transformation/polynomial
log_transaction_volume,0.17972159710648716,8.68253959710963,0.0,296.6636286495746,1.1102230246251565e-16,Non-Linear,Consider transformation/polynomial
log_active_addresses,0.0961072657562978,-9.94406916711577,0.0,423.36320814379195,1.1102230246251565e-16,Non-Linear,Consider transformation/polynomial
