Variable,ADF_Statistic,ADF_P_Value,ADF_Stationary,KPSS_Statistic,KPSS_P_Value,KPSS_Stationary,Consensus
dvol,-5.39748764327087,3.661997127828681e-05,Yes,2.7556869883348623,0.01,No,Non-Stationary
transaction_volume_usd,-12.173115199319726,2.0393300464752941e-19,Yes,3.568995224213089,0.01,No,Non-Stationary
active_addresses,-13.928816531373814,1.2749743844695286e-21,Yes,2.5873480933633615,0.01,No,Non-Stationary
nvrv,-2.856342777643366,0.17702032442932236,No,4.566297859698629,0.01,No,Non-Stationary
dvol_rv_spread,-18.70154233668558,0.0,Yes,0.2824460950460001,0.01,No,Non-Stationary
log_transaction_volume,-7.6099568328493135,5.688535683138189e-10,Yes,5.1461588469789525,0.01,No,Non-Stationary
log_active_addresses,-11.613989659574315,1.702307872951114e-18,Yes,2.5282530013526725,0.01,No,Non-Stationary
