Variable,JB_Statistic,JB_P_Value,JB_Normal,SW_Statistic,SW_P_Value,SW_Normal,DP_Statistic,DP_P_Value,DP_Normal
dvol,4149.849202929867,0.0,No,0.9518442649566637,1.0412501830956907e-37,No,3249.0083465737553,0.0,No
dvol_lag1,4109.289866319917,0.0,No,0.950525133376834,4.1733165706613095e-38,No,3223.787420869558,0.0,No
transaction_volume_usd,14145524.135790465,0.0,No,0.6013683666784878,2.5099700729828774e-75,No,45234.88147432882,0.0,No
active_addresses,52904.940555339635,0.0,No,0.865476486737895,2.4839056846991163e-54,No,13562.158617045017,0.0,No
nvrv,1573.4372606577278,0.0,No,0.9672086309668224,2.684810377642558e-32,No,5260.066917766147,0.0,No
dvol_rv_spread,95848.3038681323,0.0,No,0.8797644884971515,2.3168392768902424e-52,No,15512.861301938265,0.0,No
log_transaction_volume,249.6857714671296,6.0453802245699905e-55,No,0.9955430300095091,3.1448147283615806e-11,No,248.4019696137608,1.1486762757175564e-54,No
log_active_addresses,599.7295366983045,5.893669643204229e-131,No,0.9949294407403434,3.0969094194270443e-12,No,454.03711892096084,2.5532440980521057e-99,No
