intercept,beta_daily,beta_weekly,beta_monthly
0.050710822158142814,-0.023049759295220195,0.021518869759774722,0.0007882189813401084
