intercept,beta_daily,beta_weekly,beta_monthly
1.4127774543076157,0.8660521413171005,-0.15052226888942716,0.2636232449878652
